q,truth,lpbound,pairs,triples,lb,atoms,attrs,t_lp,t_p,t_tr,t_lb,t_t,terr
stats.1,79851.0,79851.0,79851.0,79851.0,79851.0,,,,,,,,
stats.2,10220614.0,14326997.0,10220614.0,10220614.0,10220614.0,,,,,,,,
stats.3,1458075.0,8157256.0,1458075.0,1458075.0,1458075.0,,,,,,,,
stats.4,1709781.0,12847933.0,1709781.0,1709781.0,1709781.0,,,,,,,,
stats.5,7491903.0,21413629.0,7491903.0,7491903.0,7491903.0,,,,,,,,
stats.6,428612.0,858469.0,428612.0,428612.0,428612.0,,,,,,,,
stats.7,699302.0,105871626.0,105681168.0,699302.0,484825.0,,,,,,,,
stats.8,481420.0,57306889.0,57231076.0,481420.0,332686.0,,,,,,,,
stats.9,698213.0,1209645.0,704085.0,698213.0,313115.0,,,,,,,,
stats.10,780683.0,4518812.0,780683.0,780683.0,780683.0,,,,,,,,
stats.11,326559.0,7404152.0,1227386.0,326559.0,326559.0,,,,,,,,
stats.12,1018612.0,334235993.0,263105194.0,1018612.0,136423.0,,,,,,,,
stats.13,315516.0,34189002.0,10984892.0,315516.0,40967.0,,,,,,,,
stats.14,200.0,1233942.0,447953.0,200.0,200.0,,,,,,,,
stats.15,10223864.0,14309759.0,10223864.0,10223864.0,178164.0,,,,,,,,
stats.16,245567.0,14315602.0,10234398.0,245567.0,69142.0,,,,,,,,
stats.17,70752.0,734784.0,424352.0,70752.0,70752.0,,,,,,,,
stats.18,63500.0,125441.0,63543.0,63500.0,45973.0,,,,,,,,
stats.19,10895.0,11102.0,11050.0,10895.0,10895.0,,,,,,,,
stats.20,251068.0,293788.0,291926.0,251068.0,251068.0,,,,,,,,
stats.21,26836.0,327888.0,31965.0,26836.0,26836.0,,,,,,,,
stats.22,2488080.0,7071464.0,2704241.0,2488080.0,2488080.0,,,,,,,,
stats.23,144017.0,2302933.0,1056687.0,144017.0,31812.0,,,,,,,,
stats.24,4582.0,69024.0,29072.0,4582.0,3310.0,,,,,,,,
stats.25,176191.0,4015250.0,1522867.0,176221.0,40124.0,,,,,,,,
stats.26,25033.0,190405.0,32792.0,32792.0,15195.0,,,,,,,,
stats.27,42036.0,540682314.0619711,407139593.26741904,1072030.4591101876,3125.0,4.0,5.0,0.0688049793243408,0.1441287994384765,0.8158185482025146,0.1042089462280273,0.061051607131958,
stats.28,16049150.0,69633433.34965469,69633433.34965469,16049149.999999968,3621653.0,4.0,6.0,0.1325902938842773,0.1130228042602539,2.3997814655303955,0.0562632083892822,0.2510983943939209,
stats.29,595820.0,16213193.880381858,16213193.880381858,2112679.0000000014,130390.0,4.0,6.0,0.0907537937164306,0.0500779151916503,0.5477511882781982,0.0219323635101318,0.0426142215728759,
stats.30,232039659.0,624134946.4993646,469607723.4490332,232039659.0000003,70471.0,4.0,5.0,0.104522705078125,0.2478303909301757,0.9576029777526855,0.1943423748016357,1.8871119022369385,
stats.31,6672465.0,198098200.70564243,139667370.9423575,19383482.00000004,49837.0,4.0,5.0,0.1120960712432861,0.2689716815948486,1.0235064029693604,0.1830568313598632,0.1089615821838378,
stats.32,19402569.0,144158053178.66336,78329113664.00012,438609960.126236,79632.0,4.0,5.0,0.1427011489868164,0.4608774185180664,1.644855260848999,0.3322904109954834,0.352649450302124,
stats.33,6299.0,6725165395.764189,3701504921.000001,88000.00000000006,554.0,4.0,5.0,0.0705103874206543,0.2490181922912597,0.9661498069763184,0.227515697479248,0.0252566337585449,
stats.34,593169291.0,1799049315.4970376,1003828368.0000015,596251188.0000001,57616.0,4.0,5.0,0.0968875885009765,0.2561907768249511,0.8077375888824463,0.1799349784851074,7.889572143554687,
stats.35,3169724.0,211553138.23894668,150431404.60850146,32239199.99999997,34772.0,4.0,5.0,0.0637087821960449,0.0871617794036865,0.4623792171478271,0.0720243453979492,0.0573537349700927,
stats.36,52313.0,207937126.8347541,149284225.0173686,1887682.9824056744,5550.0,4.0,5.0,0.0496866703033447,0.0920121669769287,0.5025639533996582,0.0842502117156982,0.030078649520874,
stats.37,1633681.0,92710990.5688686,60063354.37817431,9050912.000000007,108637.0,4.0,5.0,0.1304726600646972,0.0644912719726562,0.9547362327575684,0.0343303680419921,0.0621616840362548,
stats.38,105742741.0,1790602095.8878326,644640291.0,105742741.0000001,182103.0,4.0,5.0,0.0617117881774902,0.1126306056976318,0.8963625431060791,0.0869975090026855,3.0305185317993164,
stats.39,2034610.0,28940234727.27039,27106093516.828304,75151761.19752464,61958.0,4.0,5.0,0.0650324821472168,0.111661672592163,0.6823751926422119,0.0926635265350341,0.0503497123718261,
stats.40,28565.0,4644816.0,4217543.999999992,244545.0000000001,17232.0,4.0,6.0,0.0832588672637939,0.0908241271972656,0.5941061973571777,0.04441499710083,0.0175042152404785,
stats.41,1717.0,815024.1691209748,255359.99999999977,11331.999999999996,1062.0,4.0,6.0,0.0321917533874511,0.02409029006958,0.0684816837310791,0.007580280303955,0.0169777870178222,
stats.42,896180.0,2629711.058658984,1331347.0000000005,915413.9999999997,289701.0,4.0,6.0,0.132765531539917,0.0891187191009521,1.4553565979003906,0.0430982112884521,0.0530734062194824,
stats.43,7661811.0,518645059.2736548,378476341.54999,58846511.000000015,109384.0,4.0,5.0,0.0513145923614501,0.09041428565979,0.994682788848877,0.072786808013916,0.1403567790985107,
stats.44,2101105.0,896961125.1363728,509451971.6386882,50767485.99999996,87134.0,4.0,5.0,0.0741631984710693,0.175631046295166,0.9984912872314452,0.1550285816192627,0.0803272724151611,
stats.45,6272.0,1503127509.4019914,423315815.9999994,138974.37317721563,1197.0,4.0,5.0,0.1103026866912841,0.2886900901794433,0.8692376613616943,0.1846101284027099,0.0219707489013671,
stats.46,454094.0,88163465.2813055,58650811.53694075,8394975.999999998,24818.0,5.0,6.0,0.1337265968322754,0.0688259601593017,1.4857492446899414,0.0380682945251464,0.0450596809387207,
stats.47,60601561.0,6636911638.313345,2216310004.9999986,297779105.0000009,65291.0,5.0,6.0,0.0532031059265136,0.1283750534057617,1.3753926753997805,0.1117084026336669,0.4175519943237304,
stats.48,224.0,104257313050.50208,69338230344.48128,426240.00000000064,36.0,5.0,6.0,0.1320829391479492,0.3442592620849609,2.050786018371582,0.2359318733215332,0.0344560146331787,
stats.49,18597973.0,69912675196.91962,53063661882.73188,2479704192.0000005,13258.0,5.0,6.0,0.0495450496673584,0.0866556167602539,0.8645353317260742,0.07021164894104,3.066204309463501,
stats.50,9812.0,56695369811.39493,10632683328.000011,7458495.000000001,1057.0,5.0,6.0,0.1072919368743896,0.2869653701782226,2.0582263469696045,0.2618260383605957,0.0522654056549072,
stats.51,86914174.0,4047721465066.998,1270826893600.0007,61551073387.35518,126516.0,5.0,6.0,0.2044615745544433,0.3133456707000732,2.4315054416656494,0.1520452499389648,0.9736878871917723,
stats.52,228748307.0,2253101184297.7573,1033805526011.9968,29033630699.999817,96157.0,5.0,6.0,0.0923004150390625,0.270693302154541,2.495767593383789,0.243420124053955,0.938356637954712,
stats.53,913441.0,63211169.97364128,15188903.999999972,11687097.212598812,87390.0,5.0,7.0,0.0965652465820312,0.0791079998016357,1.2266521453857422,0.0380771160125732,0.0478568077087402,
stats.54,4801.0,22420553.15609436,4699080.000000007,137250.0,1338.0,5.0,7.0,0.0586013793945312,0.0397508144378662,0.1689939498901367,0.0150034427642822,0.0154521465301513,
stats.55,14413.0,3384761855.999997,1954765567.9999995,25489750.000000007,1190.0,5.0,7.0,0.1249380111694336,0.267514705657959,4.725869655609131,0.1995525360107422,0.0327470302581787,
stats.56,15887370.0,335061504.00000006,193504512.0000001,32262911.99999992,148381.0,5.0,7.0,0.1522386074066162,0.3782250881195068,2.2559478282928467,0.2039475440979004,0.182497501373291,
stats.57,5091.0,13647168.00000002,7881503.999999994,1204751.9999999974,3660.0,5.0,7.0,0.0905914306640625,0.1115775108337402,1.13348388671875,0.0595700740814209,0.0354881286621093,
stats.58,,14573439083840.035,14385724997280.04,192963534399.9997,251659.0,6.0,8.0,0.1874070167541504,0.4849030971527099,7.0485687255859375,0.2310571670532226,120.04744243621826,timeout
stats.59,88962973.0,1611691183592.8904,1611691183592.8904,40506364807.99989,44821.0,6.0,8.0,0.1598718166351318,0.3973865509033203,3.177123785018921,0.2127795219421386,1.3604345321655271,
stats.60,11947976.0,6768043246.848069,4448020706.813727,567880056.0000001,62566.0,6.0,8.0,0.1781907081604004,0.1506924629211425,5.440939903259277,0.0919835567474365,0.0979273319244384,
stats.61,868310.0,3710101398.936627,2106123745.5629363,261220056.00000003,26422.0,6.0,8.0,0.1250319480895996,0.0781538486480712,1.1648576259613037,0.0337526798248291,0.0570812225341796,
stats.62,109961.0,933489565.4133182,458353155.6320426,60765192.00000014,7855.0,6.0,8.0,0.1069357395172119,0.068291425704956,0.8369560241699219,0.0265710353851318,0.0333929061889648,
stats.63,8893.0,66439339.756564006,9941256.000000017,713184.000000002,1596.0,6.0,8.0,0.1027970314025878,0.0825624465942382,1.54308819770813,0.0448997020721435,0.048633337020874,
stats.64,692609.0,849346549.6205491,246934515.97309464,34210631.48584758,89807.0,6.0,8.0,0.2437431812286377,0.3521065711975097,3.1970555782318115,0.2852160930633545,0.1755208969116211,
stats.65,33955.0,387775913.4941496,201727080.8363565,27575047.999999985,9611.0,6.0,8.0,0.1908614635467529,0.3605051040649414,2.110950231552124,0.2667708396911621,0.0400190353393554,
stats.66,82213.0,1720235.0125103514,668781.0000000001,98083.99999999996,56742.0,6.0,8.0,0.1735434532165527,0.1865019798278808,3.603133201599121,0.1526875495910644,0.0690288543701171,
stats.67,469.0,46769680.138148464,11169595.267827278,935658.4105435456,369.0,6.0,8.0,0.1816868782043457,0.3296639919281006,1.9063143730163568,0.2489809989929199,0.0384943485260009,
stats.68,1112747282.0,141834674261.2947,112575544705.8676,18137520384.00008,1692867.0,6.0,8.0,0.2306985855102539,0.2104468345642089,9.515053033828735,0.1671948432922363,4.412743806838989,
stats.69,107654752.0,114020368834.66785,78441837680.31935,7232320512.000013,816803.0,6.0,8.0,0.2496273517608642,0.1711218357086181,5.992198705673218,0.1344532966613769,1.213728427886963,
stats.70,80052528.0,85626569214.8998,59391331969.09802,9698543616.00002,586237.0,6.0,8.0,0.2398278713226318,0.1887934207916259,5.466109991073608,0.1578638553619384,1.2738211154937744,
stats.71,58623592.0,2792899608.938496,2026518767.7700903,237441480.0000004,993165.0,6.0,8.0,0.2047967910766601,0.1919848918914795,6.249112844467163,0.154984712600708,0.7972912788391113,
stats.72,1582060.0,10168860069.734549,3610698565.007805,231958356.0000009,45066.0,6.0,8.0,0.1998319625854492,0.1585323810577392,4.3793346881866455,0.1255114078521728,0.4456658363342285,
stats.73,1639421.0,2978285842.644936,362711901.43544745,41747711.99999992,47215.0,6.0,8.0,0.1834588050842285,0.1693036556243896,4.736638069152832,0.1657445430755615,0.7748603820800781,
stats.74,38686327.0,7919890733.382612,7324116777.444613,1940666687.9999964,417848.0,6.0,8.0,0.1945114135742187,0.1738228797912597,4.682804584503174,0.0648608207702636,0.3896842002868652,
stats.75,3812589.0,6650984966.220662,5392049402.206699,1269571032.000002,159058.0,6.0,8.0,0.1816380023956298,0.127084732055664,4.104282140731812,0.0632081031799316,0.1419951915740966,
stats.76,434967.0,331946399.71162564,289740667.0699324,62136071.73470009,85141.0,6.0,8.0,0.1758375167846679,0.132293701171875,4.191707611083984,0.0613541603088378,0.049882173538208,
stats.77,5982882.0,2206606447.0419083,1184531257.5230548,321255648.0000006,144873.0,6.0,8.0,0.1248292922973632,0.0861637592315673,1.791069746017456,0.0398354530334472,0.165379524230957,
stats.78,426751.0,71944821.45109871,40824264.600756496,12939911.999999983,13527.0,6.0,8.0,0.1151833534240722,0.081958532333374,1.5478370189666748,0.0364546775817871,0.0327992439270019,
stats.79,2870375.0,4668389704.297352,4579133507.759157,1273498560.000004,67373.0,6.0,8.0,0.1685967445373535,0.1015460491180419,1.9115493297576904,0.0431957244873046,0.0976092815399169,
stats.80,1459345.0,12656840.232545229,1659782.9999999974,1459344.9999999995,162276.0,3.0,4.0,0.0452578067779541,0.1078627109527587,0.3155148029327392,0.0942757129669189,0.0458533763885498,
stats.81,657592.0,3265967.2928180126,657592.0,657592.0,102569.0,3.0,4.0,0.0383710861206054,0.0772030353546142,0.1642103195190429,0.0689742565155029,0.0311343669891357,
stats.82,1771584.0,332575529.1632429,260852417.0000001,1771584.0000000016,1771584.0,3.0,4.0,0.073646068572998,0.2534990310668945,0.4347813129425049,0.1967637538909912,0.0532310009002685,
stats.83,2323452.0,334235993.3978545,263105194.00000024,2323451.9999999977,2323452.0,3.0,4.0,0.0673670768737793,0.2429115772247314,0.4194128513336181,0.2015562057495117,0.0562286376953125,
stats.84,10993951.0,34111717.62303597,10993959.99999999,10993950.99999999,146694.0,3.0,4.0,0.1113588809967041,0.3228719234466553,0.4882135391235351,0.2358984947204589,0.1460793018341064,
stats.85,10862842.0,34200029.23820633,11029917.999999989,10862841.999999989,143540.0,3.0,4.0,0.0979983806610107,0.3179147243499756,0.4536244869232178,0.2322001457214355,0.0942058563232421,
stats.86,209182.0,1853197.022417748,591108.0,209181.99999999985,209182.0,4.0,6.0,0.1585872173309326,0.1327729225158691,1.8173210620880127,0.0837297439575195,0.0367519855499267,
stats.87,758411.0,22876248.882404383,15796143.999999989,758410.9999999997,758411.0,3.0,4.0,0.0480122566223144,0.1004033088684082,0.2311248779296875,0.0536365509033203,0.0280032157897949,
stats.88,10223864.0,14309759.261144187,10223863.999999998,10223863.999999998,10223864.0,3.0,4.0,0.0438907146453857,0.0800726413726806,0.2055628299713134,0.0428977012634277,0.07478928565979,
stats.89,1356723.0,69802128.27989739,54725800.00000002,1356722.999999999,1356723.0,3.0,4.0,0.0831587314605712,0.203181505203247,0.4632940292358398,0.1745963096618652,0.0317461490631103,
stats.90,582617.0,4272236.914127297,1008486.9999999992,582616.9999999998,582617.0,3.0,4.0,0.0523607730865478,0.1538763046264648,0.2478613853454589,0.1324143409729004,0.0327367782592773,
stats.91,4197329.0,68811777.63361304,54200975.000000045,4197328.999999995,4197329.0,3.0,4.0,0.0701868534088134,0.2067546844482422,0.4762988090515136,0.175952672958374,0.064173936843872,
stats.92,155561.0,303186.9999999997,239284.5881058785,155561.00000000006,155561.0,3.0,5.0,0.11372971534729,0.1090965270996093,0.8329505920410156,0.0452311038970947,0.0186753273010253,
stats.93,2162683.0,6412840.402036516,2162683.0000000005,2162683.0000000005,2162683.0,3.0,4.0,0.0956249237060546,0.2290394306182861,0.3467895984649658,0.1174826622009277,0.045236587524414,
stats.94,1100297.0,7160333.014354005,2737086.000000003,1100296.9999999995,1100297.0,3.0,4.0,0.0971295833587646,0.2605979442596435,0.388071060180664,0.1383395195007324,0.0403602123260498,
stats.95,4254157.0,22790890.39243792,16254615.58543117,4254157.000000004,1437372.0,4.0,5.0,0.137223482131958,0.0824019908905029,2.801218032836914,0.1703717708587646,0.1667490005493164,
stats.96,2016238.0,14414017.6839122,8705936.11108848,2016237.999999998,900691.0,4.0,5.0,0.136467695236206,0.0861380100250244,2.5498924255371094,0.1668851375579834,0.1745259761810302,
stats.97,56359398.0,1487720720.8003342,558123272.0000014,70306921.00000021,120431.0,4.0,5.0,0.1032056808471679,0.3434555530548095,1.1702451705932615,0.2274303436279297,0.4928231239318847,
stats.98,40855663.0,4724981591.561106,1272719224.0000024,129983957.0,98084.0,4.0,5.0,0.1692278385162353,0.362858772277832,1.380385398864746,0.2492566108703613,0.2230298519134521,
stats.99,1490297.0,2965089605.448931,1038253351.9999998,33072149.99999997,28837.0,4.0,5.0,0.1119415760040283,0.3521513938903808,1.2832190990447998,0.2346656322479248,0.0991518497467041,
stats.100,303210.0,2268384.9475205927,865125.0,310335.0000000003,131107.0,4.0,6.0,0.1194603443145752,0.0799667835235595,1.0805861949920654,0.0389883518218994,0.0413248538970947,
stats.101,408599.0,1848201.980033566,589043.9999999999,414167.0000000001,215626.0,4.0,6.0,0.1456491947174072,0.114814281463623,1.891371726989746,0.0581603050231933,0.049562931060791,
stats.102,2809424.0,26420064.93597493,26420064.93597493,2809424.0000000023,500295.0,4.0,6.0,0.1056075096130371,0.0759854316711425,1.0374503135681152,0.0346331596374511,0.0928997993469238,
stats.103,3778084.0,217304036.17601508,152324823.39778727,22611583.99999995,40595.0,4.0,5.0,0.1044681072235107,0.2499210834503173,1.323244333267212,0.1763384342193603,0.1058349609375,
stats.104,11075893.0,160233542237.14877,80263920700.00017,272665967.5097037,444592.0,4.0,5.0,0.1504569053649902,0.5469295978546143,1.997996091842652,0.3513691425323486,0.3541493415832519,
stats.105,183537163.0,101069886675.7073,54706070006.00007,3158533020.128136,2706910.0,4.0,5.0,0.142061710357666,0.4940207004547119,1.913163423538208,0.3788099288940429,1.6432325839996338,
stats.106,569476.0,31529323479.91204,17566976328.0,25548513.22797824,76917.0,4.0,5.0,0.1384410858154297,0.4058880805969238,1.3741674423217771,0.2579874992370605,0.0821521282196044,
stats.107,537352263.0,1731330988.257666,930971033.9999976,537352263.0000006,56474.0,4.0,5.0,0.0429518222808837,0.0332698822021484,0.4204690456390381,0.0316841602325439,6.613909959793091,
stats.108,593169291.0,1799049315.4970376,1003828368.0000015,596251187.9999987,57616.0,4.0,5.0,0.1065008640289306,0.255702257156372,1.0783674716949463,0.1762642860412597,7.730164766311645,
stats.109,978405.0,77452797.20679502,43804541.43593176,4160863.9999999977,80974.0,5.0,6.0,0.1540403366088867,0.0971124172210693,2.9103801250457764,0.0444438457489013,0.0532624721527099,
stats.110,1104151.0,79026988.29641421,47379076.53773287,4679935.999999998,88799.0,5.0,6.0,0.1346845626831054,0.0849921703338623,2.9902188777923584,0.0433650016784668,0.0535361766815185,
stats.111,1957551.0,87468180.48660679,57566121.49602808,8566816.000000004,105053.0,5.0,6.0,0.1430976390838623,0.0892527103424072,3.1485159397125244,0.0422933101654052,0.1043207645416259,
stats.112,1839326.0,88341444.84334405,53508542.91314987,7533983.999999996,102512.0,5.0,6.0,0.1355953216552734,0.0861461162567138,3.167318344116211,0.0448324680328369,0.0734410285949707,
stats.113,18382871.0,98871161243.73528,95530822396.6576,603106077.7639551,175101.0,4.0,5.0,0.0814247131347656,0.2625997066497803,1.6341793537139893,0.2222824096679687,0.1642711162567138,
stats.114,19424781.0,18635907972.232937,18559471083.207302,436267174.62003696,123320.0,4.0,5.0,0.0640077590942382,0.1440215110778808,1.1978676319122314,0.1253025531768798,0.1539106369018554,
stats.115,43927632.0,95225759431.1896,92002664843.9418,1205798592.0000014,221187.0,4.0,5.0,0.0850887298583984,0.2624821662902832,1.6737041473388672,0.2260847091674804,0.2123129367828369,
stats.116,986987.0,9103576106.089851,3949992383.999993,22489008.0,30947.0,4.0,5.0,0.065157413482666,0.1877031326293945,1.188770771026611,0.1577417850494384,0.0390565395355224,
stats.117,354388.0,2024962.283210436,977122.9999999997,645019.9999999994,156177.0,4.0,6.0,0.1410670280456543,0.1072363853454589,1.2334740161895752,0.0424733161926269,0.0406298637390136,
stats.118,554302.0,2560089.963751727,1288522.0000000007,759808.9999999995,207442.0,4.0,6.0,0.1344192028045654,0.0863611698150634,1.273606538772583,0.0428035259246826,0.0539705753326416,
stats.119,1936953.0,1134194623.9120278,307600728.0000005,51456191.999999925,308896.0,4.0,5.0,0.0524566173553466,0.073970079421997,0.8086450099945068,0.0811202526092529,0.0687925815582275,
stats.120,11637523617.0,18123686798.73788,17744767510.35099,12317095803.999971,17607690.0,4.0,5.0,0.0841188430786132,0.2202670574188232,1.5627374649047852,0.2158656120300293,55.23047637939453,
stats.121,1116000.0,178247146.18499598,127165298.89881292,22178910.00000002,256939.0,4.0,5.0,0.0546836853027343,0.0803897380828857,0.7223753929138184,0.0797622203826904,0.0432250499725341,
stats.122,11206879551.0,16850523686.563429,16030194496.539717,11206879551.000025,18848230.0,4.0,5.0,0.0881712436676025,0.2044966220855713,1.1588168144226074,0.1954658031463623,52.196584939956665,
stats.123,154355934.0,999252687.8845726,591378360.0810633,154355933.99999985,15458931.0,4.0,5.0,0.0737764835357666,0.2039644718170166,1.258070945739746,0.2005507946014404,0.4902260303497314,
stats.124,6351775.0,7628819057.048294,5446063560.101801,201988391.99999952,81502.0,4.0,5.0,0.1412055492401123,0.4301600456237793,1.80464768409729,0.3317689895629883,0.0573816299438476,
stats.125,56205.0,215921823.58887485,151619553.69974175,3747490.224795261,9635.0,4.0,5.0,0.101395845413208,0.2594857215881347,1.1715970039367676,0.1648802757263183,0.0379495620727539,
stats.126,3136348028.0,7646500021.772566,5451512154.088178,3136348027.999997,219584.0,4.0,5.0,0.1249411106109619,0.4579081535339355,1.8363196849823,0.3169386386871338,19.964510679244995,
stats.127,490921.0,48950940.225738354,27361747.319347803,2806303.999999992,24507.0,5.0,6.0,0.1413383483886718,0.0734400749206543,1.6431779861450195,0.0409779548645019,0.0254311561584472,
stats.128,454094.0,88163465.2813055,58650811.53694075,8394975.999999998,24818.0,5.0,6.0,0.1413648128509521,0.073319673538208,1.6409564018249512,0.0384814739227294,0.0469863414764404,
stats.129,914210.0,62320206.55385113,37886296.95367068,5775552.000000001,56294.0,5.0,6.0,0.1289312839508056,0.0762879848480224,2.3687756061553955,0.0581076145172119,0.0733401775360107,
stats.130,35205.0,2607275.645550148,847771.2009147533,186144.0,20462.0,5.0,7.0,0.1693587303161621,0.1611814498901367,2.1552822589874268,0.1293129920959472,0.0287153720855712,
stats.131,2863626.0,131781164435.2494,14266318589.999928,639838065.5743785,36282.0,5.0,6.0,0.0708107948303222,0.2072720527648925,1.534921407699585,0.146162748336792,0.2507851123809814,
stats.132,96484.0,242165149380.71417,69393199999.99997,73057347.99999997,2283.0,5.0,6.0,0.0713307857513427,0.1732513904571533,1.5249502658843994,0.1285076141357422,0.0696799755096435,
stats.133,13971410.0,2332772524676.112,1622163121312.2705,4243874310.000007,357450.0,5.0,6.0,0.0903053283691406,0.2797620296478271,2.2896525859832764,0.2622601985931396,0.1656794548034668,
stats.134,16698.0,3760582756562.45,1090899556127.9991,23743790.00000004,2337.0,5.0,6.0,0.0912773609161377,0.2560164928436279,2.156024694442749,0.2168631553649902,0.0341401100158691,
stats.135,2263957167.0,310592584818.8798,96298794095.9998,10609859160.000025,68630.0,5.0,6.0,0.0851936340332031,0.2560482025146484,2.611161470413208,0.2201776504516601,5.808568954467773,
stats.136,255355807.0,6970002070637.384,2897717044752.012,68248325219.28837,123181.0,5.0,6.0,0.1008713245391845,0.302288293838501,2.95579481124878,0.2435982227325439,1.2328100204467771,
stats.137,233930.0,36645833.91282663,12016512.000000011,4041134.999999981,35936.0,5.0,7.0,0.0908451080322265,0.0526731014251709,0.6476547718048096,0.0246326923370361,0.0305745601654052,
stats.138,15677331.0,332857151.99999964,192231456.0000004,32050655.99999996,147536.0,5.0,7.0,0.1628024578094482,0.3488247394561767,2.443676233291626,0.2059173583984375,0.2096407413482666,
stats.139,4231593.0,6219027548.737106,4021134027.572217,517026113.9999995,73986.0,6.0,8.0,0.1755328178405761,0.1654105186462402,4.812300682067871,0.0893747806549072,0.1093649864196777,
stats.140,113925678.0,109775558347.23125,75290438085.78766,6807080448.000024,499086.0,7.0,9.0,0.254662275314331,0.216515302658081,4.819728136062622,0.1516244411468505,1.3513879776000977,
stats.141,312148706.0,132106025662.73024,104522832129.3738,16385911296.00002,1558260.0,7.0,9.0,0.2980434894561767,0.2643945217132568,9.398266077041626,0.1956853866577148,1.3373684883117676,
stats.142,299574955.0,120360160836.62564,81925466982.38017,7591867392.000014,865948.0,7.0,9.0,0.284538984298706,0.2186427116394043,6.130866050720215,0.1549673080444336,1.1462197303771973,
stats.143,155696936.0,76175901155.28227,52729639890.13056,8420910911.999965,859234.0,7.0,9.0,0.2814288139343261,0.236774206161499,5.505321741104126,0.18882417678833,2.2102952003479004,
stats.144,18762969.0,7973278809.676469,7344535658.858134,1940666687.9999964,293969.0,6.0,8.0,0.1988525390625,0.1439681053161621,4.541266441345215,0.0678284168243408,0.2187707424163818,
stats.145,436286.0,58568400.87901864,41266255.56918592,4088070.000000001,36884.0,6.0,8.0,0.1651093959808349,0.1101536750793457,3.759423494338989,0.059511661529541,0.0401990413665771,
stats.146,1570429.0,92186066.4474713,59275444.39472863,8570848.000000004,69642.0,6.0,8.0,0.2029645442962646,0.1656281948089599,6.916533708572388,0.101520299911499,0.0659601688385009,
